Nama Sepatu,Harga Sepatu,Gambar sepatu,link sepatu
Nike Air Max 1 Men's Shoes,"Rp 2,199,000","https://static.nike.com/a/images/c_limit,w_592,f_auto/t_product_v1/0fd1487b-306c-4b70-a96a-cd6ac99e7d61/air-max-1-shoes-ZCSX34.png",https://www.nike.com/id/t/air-max-1-shoes-ZCSX34/FD9082-100
Nike Metcon 9 Men's Workout Shoes,"Rp 2,199,000","https://static.nike.com/a/images/c_limit,w_592,f_auto/t_product_v1/46e537d4-38f1-4ab6-86e3-9316a7450d43/metcon-9-workout-shoes-ldMsxB.png",https://www.nike.com/id/t/metcon-9-workout-shoes-ldMsxB/DZ2617-800
Nike InfinityRN 4 Men's Road Running Shoes,"Rp 2,489,000","https://static.nike.com/a/images/c_limit,w_592,f_auto/t_product_v1/ed45ceac-1a49-450c-a71d-3ffedbb376d0/infinityrn-4-road-running-shoes-mLRjcz.png",https://www.nike.com/id/t/infinityrn-4-road-running-shoes-mLRjcz/DR2665-101
Nike InfinityRN 4 SE Men's Road Running Shoes,"Rp 2,489,000","https://static.nike.com/a/images/c_limit,w_592,f_auto/t_product_v1/133d8e36-a9d2-4171-8fd3-6eabf13c483b/infinityrn-4-se-road-running-shoes-STv3Zz.png",https://www.nike.com/id/t/infinityrn-4-se-road-running-shoes-STv3Zz/FJ1047-100
Nike Air Max 1 '86 OG G Men's Golf Shoes,"Rp 2,379,000","https://static.nike.com/a/images/c_limit,w_592,f_auto/t_product_v1/279b54ed-f1a0-45d8-8a89-142536ce5044/air-max-1-86-og-g-golf-shoes-7QZsWP.png",https://www.nike.com/id/t/air-max-1-86-og-g-golf-shoes-7QZsWP/DV1403-001
Nike Dunk Low Retro Men's Shoes,"Rp 1,549,000","https://static.nike.com/a/images/c_limit,w_592,f_auto/t_product_v1/5ce0216a-3c5c-4518-b3a9-4731dd1de836/dunk-low-retro-shoes-bCzchX.png",https://www.nike.com/id/t/dunk-low-retro-shoes-bCzchX/DV0833-101
Nike GT Cut 2 EP Men's Basketball Shoes,"Rp 2,669,000","https://static.nike.com/a/images/c_limit,w_592,f_auto/t_product_v1/1545b9de-57a2-4070-a524-2be2af94e9c2/gt-cut-2-ep-basketball-shoes-M7jcxn.png",https://www.nike.com/id/t/gt-cut-2-ep-basketball-shoes-M7jcxn/DJ6013-404
Nike Metcon 9 AMP Men's Training Shoes,"Rp 2,199,000","https://static.nike.com/a/images/c_limit,w_592,f_auto/t_product_v1/2a09444c-0932-4a63-8524-6fadb8a95349/metcon-9-amp-training-shoes-Dwx2GX.png",https://www.nike.com/id/t/metcon-9-amp-training-shoes-Dwx2GX/DZ2616-001
Nike Metcon 9 EasyOn Men's Easy On/Off Training Shoes,"Rp 2,199,000","https://static.nike.com/a/images/c_limit,w_592,f_auto/t_product_v1/3fbab1d2-3c0d-4dea-b407-b0e555285ff5/metcon-9-easyon-easy-on-off-training-shoes-XG4GfF.png",https://www.nike.com/id/t/metcon-9-easyon-easy-on-off-training-shoes-XG4GfF/DZ2615-001
Nike Air Max 1 SC Men's Shoes,"Rp 2,379,000","https://static.nike.com/a/images/c_limit,w_592,f_auto/t_product_v1/158941db-533f-4892-bd70-97aa2b525e96/air-max-1-sc-shoes-rfxxJG.png",https://www.nike.com/id/t/air-max-1-sc-shoes-rfxxJG/DZ4549-001
Nike P-6000 Shoes,"Rp 1,909,000","https://static.nike.com/a/images/c_limit,w_592,f_auto/t_product_v1/87109660-6b0e-441b-b93a-c6a8c6988bc9/p-6000-shoes-1KwsZ1.png",https://www.nike.com/id/t/p-6000-shoes-1KwsZ1/FN7509-029
Air Jordan 1 Low Men's Shoes,"Rp 1,729,000","https://static.nike.com/a/images/c_limit,w_592,f_auto/t_product_v1/63c3d532-d82f-4dfd-ac86-5e0eea991a7b/air-jordan-1-low-shoes-6Q1tFM.png",https://www.nike.com/id/t/air-jordan-1-low-shoes-6Q1tFM/553558-515
Nike Dunk Low Retro Men's Shoes,"Rp 1,549,000","https://static.nike.com/a/images/c_limit,w_592,f_auto/t_product_v1/f0f09613-0f37-4e3b-8b11-42fb741187c7/dunk-low-retro-shoes-Q2Gtpp.png",https://www.nike.com/id/t/dunk-low-retro-shoes-Q2Gtpp/DJ6188-101
Nike Dunk Low Retro Men's Shoes,"Rp 1,549,000","https://static.nike.com/a/images/c_limit,w_592,f_auto/t_product_v1/2d6c7eec-b3e0-481b-acdc-5d6d1d975899/dunk-low-retro-shoes-GcxjPd.png",https://www.nike.com/id/t/dunk-low-retro-shoes-GcxjPd/FD6923-100
Air Jordan 1 Low FlyEase Men's Easy On/Off Shoes,"Rp 2,099,000","https://static.nike.com/a/images/c_limit,w_592,f_auto/t_product_v1/638a3bf9-c74e-4a9e-9004-13fb375c4ce7/air-jordan-1-low-flyease-easy-on-off-shoes-SsT4HK.png",https://www.nike.com/id/t/air-jordan-1-low-flyease-easy-on-off-shoes-SsT4HK/DM1206-515
Nike Air Force 1 '07 LV8 Men's Shoes,"Rp 1,909,000","https://static.nike.com/a/images/c_limit,w_592,f_auto/t_product_v1/441f9c14-6b81-43b1-a670-fc77d1317de2/air-force-1-07-lv8-shoes-pBxkmz.png",https://www.nike.com/id/t/air-force-1-07-lv8-shoes-pBxkmz/DZ2522-001
Nike Air Max Pulse Men's Shoes,"Rp 2,379,000","https://static.nike.com/a/images/c_limit,w_592,f_auto/t_product_v1/2058cb70-dd58-4b0b-b412-b2539559048b/air-max-pulse-shoes-QShhG8.png",https://www.nike.com/id/t/air-max-pulse-shoes-QShhG8/DR0453-100
Nike Motiva SE Men's Premium Walking Shoes,"Rp 1,729,000","https://static.nike.com/a/images/c_limit,w_592,f_auto/t_product_v1/2f019d89-a17e-4598-a92f-7d9a4e0f4a2e/motiva-se-walking-shoes-604gSr.png",https://www.nike.com/id/t/motiva-se-walking-shoes-604gSr/FJ1058-100
Nike Mercurial Vapor 15 Academy Indoor Court Football Shoes,"Rp 1,279,000","https://static.nike.com/a/images/c_limit,w_592,f_auto/t_product_v1/b9c800d6-cd8a-48bf-b4d4-5f3950bd0a8f/mercurial-vapor-15-academy-indoor-court-football-shoes-kjqhHM.png",https://www.nike.com/id/t/mercurial-vapor-15-academy-indoor-court-football-shoes-kjqhHM/DJ5633-600
Nike Mercurial Vapor 15 Club Multi-Ground Football Boot,"Rp 799,000","https://static.nike.com/a/images/c_limit,w_592,f_auto/t_product_v1/df5bd62d-3e10-44dc-8e9c-fb6a25c958f6/mercurial-vapor-15-club-multi-ground-football-boot-jPPt6S.png",https://www.nike.com/id/t/mercurial-vapor-15-club-multi-ground-football-boot-jPPt6S/DJ5963-600
Jordan Max Aura 5 Men's Shoes,"Rp 2,099,000","https://static.nike.com/a/images/c_limit,w_592,f_auto/t_product_v1/07e9374b-eaae-488d-a014-be7116476e96/jordan-max-aura-5-shoes-ZBZ4Pz.png",https://www.nike.com/id/t/jordan-max-aura-5-shoes-ZBZ4Pz/DZ4353-001
Nike Air Force 1 Mid '07 Men's Shoes,"Rp 1,909,000","https://static.nike.com/a/images/c_limit,w_592,f_auto/t_product_v1/fff97196-b9ba-4ff8-905a-7cf6dc5169a4/air-force-1-mid-07-shoes-ZzCgrn.png",https://www.nike.com/id/t/air-force-1-mid-07-shoes-ZzCgrn/DV0806-102
Nike Metcon 9 By You Custom Men's Workout Shoes,"Rp 2,489,000","https://static.nike.com/a/images/c_limit,w_592,f_auto/t_product_v1/ad07aaa8-6909-4b2e-b93a-5cfa519b7eaa/custom-nike-metcon-9-by-you.png",https://www.nike.com/id/u/custom-nike-metcon-9-by-you-10001600/5334312094
Nike Air Alpha Force 88 Men's Shoes,"Rp 2,099,000","https://static.nike.com/a/images/c_limit,w_592,f_auto/t_product_v1/e5d519f0-fa05-48b3-a4c5-c94478590393/air-alpha-force-88-shoes.png",https://www.nike.com/id/launch/r/DZ4627-100
Nike Air More Uptempo '96 Men's shoes,"Rp 2,849,000","https://static.nike.com/a/images/c_limit,w_592,f_auto/t_product_v1/664360db-6df8-4b51-8e7d-a7f06936b3ea/air-more-uptempo-96-shoes-gDWSHg.png",https://www.nike.com/id/t/air-more-uptempo-96-shoes-gDWSHg/FD5573-001
Nike Air Max Solo Men's Shoes,"Rp 1,549,000","https://static.nike.com/a/images/c_limit,w_592,f_auto/t_product_v1/abf1df44-8d47-410f-b17b-0d27cbe27a43/air-max-solo-shoes-qVq5jJ.png",https://www.nike.com/id/t/air-max-solo-shoes-qVq5jJ/DX3666-001
Nike Air Max 1 '87 By You Custom Shoes,"Rp 2,849,000","https://static.nike.com/a/images/c_limit,w_592,f_auto/t_product_v1/1bcef96f-6b09-4b0f-bd76-e3c1dadf4c18/custom-air-max-1-unlocked-by-you.png",https://www.nike.com/id/u/custom-air-max-1-unlocked-by-you-10001615/5108560951
Giannis Immortality 3 EP Basketball Shoes,"Rp 1,199,000","https://static.nike.com/a/images/c_limit,w_592,f_auto/t_product_v1/5f6309f1-2164-4d77-b45d-deb78f6fd751/giannis-immortality-3-ep-basketball-shoes-0dTCk5.png",https://www.nike.com/id/t/giannis-immortality-3-ep-basketball-shoes-0dTCk5/DZ7534-003
Nike SB Force 58 Skate Shoes,"Rp 1,149,000","https://static.nike.com/a/images/c_limit,w_592,f_auto/t_product_v1/ccfe1efc-0903-4e16-8db8-89a007ae4706/sb-force-58-skate-shoes-LJNW5L.png",https://www.nike.com/id/t/sb-force-58-skate-shoes-LJNW5L/DV5477-401
Nike Blazer Mid Pro Club Men's Shoes,"Rp 1,729,000","https://static.nike.com/a/images/c_limit,w_592,f_auto/t_product_v1/b8ada040-0487-40d8-aed2-f97b0c5a30d4/blazer-mid-pro-club-shoes-xCk8SQ.png",https://www.nike.com/id/t/blazer-mid-pro-club-shoes-xCk8SQ/DQ7673-103
Nike Air Zoom Victory Tour 3 NRG Men's Golf Shoe (Wide),"Rp 3,169,000","https://static.nike.com/a/images/c_limit,w_592,f_auto/t_product_v1/00993df9-a529-4e82-80b7-0f22ac2f9e7e/air-zoom-victory-tour-3-nrg-golf-shoe-lRg6xX.png",https://www.nike.com/id/t/air-zoom-victory-tour-3-nrg-golf-shoe-lRg6xX/DZ4559-100
Nike Tiempo Legend 10 Academy Multi-Ground Football Boot,"Rp 1,199,000","https://static.nike.com/a/images/c_limit,w_592,f_auto/t_product_v1/edb1b024-05be-4062-9886-44a0c3d59aca/tiempo-legend-10-academy-multi-ground-football-boot-gthDNJ.png",https://www.nike.com/id/t/tiempo-legend-10-academy-multi-ground-football-boot-gthDNJ/DV4337-100
Nike Air VaporMax 2023 Flyknit Men's Shoes,"Rp 3,269,000","https://static.nike.com/a/images/c_limit,w_592,f_auto/t_product_v1/59fc1612-f031-4335-ae4d-88c228a908fe/air-vapormax-2023-flyknit-shoes-xjVzw5.png",https://www.nike.com/id/t/air-vapormax-2023-flyknit-shoes-xjVzw5/DV1678-100
Nike Phantom Luna Firm-Ground Football Boot,"Rp 1,909,000","https://static.nike.com/a/images/c_limit,w_592,f_auto/t_product_v1/dd34fbc6-398a-435d-a350-010dbd123c25/phantom-luna-football-boot-8VB9rp.png",https://www.nike.com/id/t/phantom-luna-football-boot-8VB9rp/FN8406-600
Nike Air Trainer 1 Men's Shoes,"Rp 2,099,000","https://static.nike.com/a/images/c_limit,w_592,f_auto/t_product_v1/96a139be-2faa-463b-b3ce-04547c58b0cd/air-trainer-1-shoes-PHFK5z.png",https://www.nike.com/id/t/air-trainer-1-shoes-PHFK5z/DZ2547-100
Nike Cortez Unlocked By You Custom Women's Shoes,"Rp 2,099,000","https://static.nike.com/a/images/c_limit,w_592,f_auto/t_product_v1/fa7e6982-ba29-4dc8-aebb-b07d35759576/custom-cortez-unlocked-by-you.png",https://www.nike.com/id/u/custom-cortez-unlocked-by-you-10001612/1848589201
Nike Dunk High Retro Men's shoes,"Rp 1,859,000","https://static.nike.com/a/images/c_limit,w_592,f_auto/t_product_v1/50a1041e-6332-458f-9c04-b2fd68d741f3/dunk-high-retro-shoes-L5B8x8.png",https://www.nike.com/id/t/dunk-high-retro-shoes-L5B8x8/FD6922-100
Nike Air Max TW Men's Shoes,"Rp 2,489,000","https://static.nike.com/a/images/c_limit,w_592,f_auto/t_product_v1/2ea8f683-9293-47c2-8f9c-68c44dae9a78/air-max-tw-shoes-1sPZb3.png",https://www.nike.com/id/t/air-max-tw-shoes-1sPZb3/DV7721-002
Nike Air Force 1 '07 Men's Shoes,"Rp 1,729,000","https://static.nike.com/a/images/c_limit,w_592,f_auto/t_product_v1/0f5256a3-de76-4696-89c2-e97a412c7957/air-force-1-07-shoes-VWCc04.png",https://www.nike.com/id/t/air-force-1-07-shoes-VWCc04/DV0788-104
Nike Air Huarache Runner Men's Shoes,"Rp 2,199,000","https://static.nike.com/a/images/c_limit,w_592,f_auto/t_product_v1/18919e9a-c43d-4f41-b669-e3f675488be4/air-huarache-runner-shoes-6gNJ0g.png",https://www.nike.com/id/t/air-huarache-runner-shoes-6gNJ0g/DZ3306-002
Nike Pegasus 40 Premium Road Running Shoes,"Rp 2,199,000","https://static.nike.com/a/images/c_limit,w_592,f_auto/t_product_v1/4955b5fd-40e2-4d6e-95bc-b66ab0f01324/pegasus-40-road-running-shoes-Trnn4F.png",https://www.nike.com/id/t/pegasus-40-road-running-shoes-Trnn4F/FN7498-012
Jumpman MVP Men's Shoes,"Rp 2,629,000","https://static.nike.com/a/images/c_limit,w_592,f_auto/t_product_v1/f8f7c9f1-36f7-4138-aae3-94aba28321fa/jumpman-mvp-shoes-JV1HCs.png",https://www.nike.com/id/t/jumpman-mvp-shoes-JV1HCs/DZ4475-168
Nike Air Alpha Force 88 SP Men's shoes,"Rp 2,099,000","https://static.nike.com/a/images/c_limit,w_592,f_auto/t_product_v1/4107358f-c78e-4e23-ac4e-a436088b554d/air-alpha-force-88-sp-shoes.png",https://www.nike.com/id/launch/r/DZ6763-102
Jordan One Take 4 PF Men's Shoes,"Rp 1,549,000","https://static.nike.com/a/images/c_limit,w_592,f_auto/t_product_v1/0a3e7846-fdab-4cf8-becf-638ec3ad9d3d/jordan-one-take-4-pf-shoes-v5trdl.png",https://www.nike.com/id/t/jordan-one-take-4-pf-shoes-v5trdl/DZ3339-100
Nike Air Max Pulse Men's Shoes,"Rp 2,489,000","https://static.nike.com/a/images/c_limit,w_592,f_auto/t_product_v1/545dadee-8355-4cc0-9def-db15578c24b9/air-max-pulse-shoes-Mctfvm.png",https://www.nike.com/id/t/air-max-pulse-shoes-Mctfvm/FN7648-030
Nike G.T. Jump 2 EP Men's Basketball Shoes,"Rp 2,849,000","https://static.nike.com/a/images/c_limit,w_592,f_auto/t_product_v1/8bc9a0ca-dc5d-41ee-90bf-c898e09cc0e5/gt-jump-2-ep-basketball-shoes-1F15Gp.png",https://www.nike.com/id/t/gt-jump-2-ep-basketball-shoes-1F15Gp/DJ9432-001
Air Jordan Legacy 312 Low Men's Shoes,"Rp 2,249,000","https://static.nike.com/a/images/c_limit,w_592,f_auto/t_product_v1/e1075085-8108-4c56-9c73-d08d7ce73c6a/air-jordan-legacy-312-low-shoes-9PbsF4.png",https://www.nike.com/id/t/air-jordan-legacy-312-low-shoes-9PbsF4/FN8902-161
Nike City Rep TR Men's Training Shoes,"Rp 799,000","https://static.nike.com/a/images/c_limit,w_592,f_auto/t_product_v1/d39cc3e4-1f56-4d4a-a472-b74f1f27beed/city-rep-tr-training-shoes-djC0DF.png",https://www.nike.com/id/t/city-rep-tr-training-shoes-djC0DF/DA1352-200
